file_name,mask
001.bmp,001.png
002.bmp,002.png
003.bmp,003.png
004.bmp,004.png
005.bmp,005.png
006.bmp,006.png
007.bmp,007.png
008.bmp,008.png
009.bmp,009.png
010.bmp,010.png
011.bmp,011.png
012.bmp,012.png
013.bmp,013.png
014.bmp,014.png
015.bmp,015.png
016.bmp,016.png
017.bmp,017.png
018.bmp,018.png
019.bmp,019.png
020.bmp,020.png
021.bmp,021.png
022.bmp,022.png
023.bmp,023.png
024.bmp,024.png
025.bmp,025.png
026.bmp,026.png
027.bmp,027.png
028.bmp,028.png
029.bmp,029.png
030.bmp,030.png
031.bmp,031.png
032.bmp,032.png
033.bmp,033.png
034.bmp,034.png
035.bmp,035.png
036.bmp,036.png
037.bmp,037.png
038.bmp,038.png
039.bmp,039.png
040.bmp,040.png
041.bmp,041.png
042.bmp,042.png
043.bmp,043.png
044.bmp,044.png
045.bmp,045.png
046.bmp,046.png
047.bmp,047.png
048.bmp,048.png
049.bmp,049.png
050.bmp,050.png
051.bmp,051.png
052.bmp,052.png
053.bmp,053.png
054.bmp,054.png
055.bmp,055.png
056.bmp,056.png
057.bmp,057.png
058.bmp,058.png
059.bmp,059.png
060.bmp,060.png
061.bmp,061.png
062.bmp,062.png
063.bmp,063.png
064.bmp,064.png
065.bmp,065.png
066.bmp,066.png
067.bmp,067.png
068.bmp,068.png
069.bmp,069.png
070.bmp,070.png
071.bmp,071.png
072.bmp,072.png
073.bmp,073.png
074.bmp,074.png
075.bmp,075.png
076.bmp,076.png
077.bmp,077.png
078.bmp,078.png
079.bmp,079.png
080.bmp,080.png
081.bmp,081.png
082.bmp,082.png
083.bmp,083.png
084.bmp,084.png
085.bmp,085.png
086.bmp,086.png
087.bmp,087.png
088.bmp,088.png
089.bmp,089.png
090.bmp,090.png
091.bmp,091.png
092.bmp,092.png
093.bmp,093.png
094.bmp,094.png
095.bmp,095.png
096.bmp,096.png
097.bmp,097.png
098.bmp,098.png
099.bmp,099.png
100.bmp,100.png
101.bmp,101.png
102.bmp,102.png
103.bmp,103.png
104.bmp,104.png
105.bmp,105.png
106.bmp,106.png
107.bmp,107.png
108.bmp,108.png
109.bmp,109.png
110.bmp,110.png
111.bmp,111.png
112.bmp,112.png
113.bmp,113.png
114.bmp,114.png
115.bmp,115.png
116.bmp,116.png
117.bmp,117.png
118.bmp,118.png
119.bmp,119.png
120.bmp,120.png
121.bmp,121.png
122.bmp,122.png
123.bmp,123.png
124.bmp,124.png
125.bmp,125.png
126.bmp,126.png
127.bmp,127.png
128.bmp,128.png
129.bmp,129.png
130.bmp,130.png
131.bmp,131.png
132.bmp,132.png
133.bmp,133.png
134.bmp,134.png
135.bmp,135.png
136.bmp,136.png
137.bmp,137.png
138.bmp,138.png
139.bmp,139.png
140.bmp,140.png
141.bmp,141.png
142.bmp,142.png
143.bmp,143.png
144.bmp,144.png
145.bmp,145.png
146.bmp,146.png
147.bmp,147.png
148.bmp,148.png
149.bmp,149.png
150.bmp,150.png
151.bmp,151.png
232.bmp,232.png
233.bmp,233.png
234.bmp,234.png
235.bmp,235.png
236.bmp,236.png
237.bmp,237.png
238.bmp,238.png
239.bmp,239.png
240.bmp,240.png
241.bmp,241.png
242.bmp,242.png
243.bmp,243.png
244.bmp,244.png
245.bmp,245.png